#id,value
0,79.6311215021187
1,79.28084601066399
10,70.96577763650478
11,72.73303136847615
12,64.2393994238418
13,65.80916070843058
14,60.56939280029037
15,59.15392757007153
16,62.9879155567075
17,62.72734874958193
2,79.42803647377092
3,79.22825018289865
4,79.63167163247944
5,78.16006621666465
6,76.84543277048175
7,77.54255946701596
8,73.86666846270178
9,74.6897894567763
18,66.71602119889499
19,67.76708595731482
20,75.78654248082181